<?xml version="1.0" encoding="UTF-8" standalone="yes"?>
<addon id="repository.nickduijndam" name="Nick Duijndam's Repository" version="1.0.0" provider-name="NickDuijndam">
	<requires>
		<import addon="xbmc.addon" version="12.0.0"/>
	</requires>
	<extension point="xbmc.addon.repository" name="Nick Duijndam's Repository">
		<info compressed="false">https://raw.githubusercontent.com/NickDuijndam/kodi-repository/master/addons.xml</info>
		<checksum>https://raw.githubusercontent.com/NickDuijndam/kodi-repository/master/addons.xml.md5</checksum>
		<datadir zip="true">https://raw.githubusercontent.com/NickDuijndam/kodi-repository/master/</datadir>
	</extension>
	<extension point="xbmc.addon.metadata">
		<summary>Nick Duijndam's add-on repository</summary>
		<description>Personal Kodi repository</description>
		<disclaimer></disclaimer>
		<platform>all</platform>
	</extension>
</addon>
